{
	"format_version": "1.8.0",
	"animations": {
		"animation.darkness.garap": {
			"loop": "hold_on_last_frame",
			"animation_length": 3.625,
			"override_previous_animation": true,
			"bones": {
				"Body": {
					"rotation": {
						"0.0": [0, 0, 0],
						"0.25": [-10, 0, 0],
						"1.25": [52.5, 0, 0],
						"1.5": [2.5, 0, 0]
					},
					"position": {
						"0.0": [0, 0, 0],
						"0.25": [0, -0.3473, 1.96962],
						"1.25": [0, -5.84849, -7.29103],
						"1.5": [0, -0.54942, -0.51476]
					}
				},
				"LeftArm": {
					"rotation": {
						"0.0": [0, 0, 0],
						"1.0": [-67.5, 0, 0],
						"1.25": [-67.5, 0, 0],
						"1.5": [0, 0, -75],
						"2.25": [0, 0, -75],
						"2.5": [0, 0, -2.5]
					},
					"position": {
						"0.0": [0, 0, 0],
						"1.25": [0, 0, 0],
						"1.4167": [-7.14506, 6.36244, 4.20952],
						"1.5": [0.96593, -0.25882, 0],
						"2.25": [0.97, -0.26, 0]
					}
				},
				"Head": {
					"rotation": {
						"0.0": [0, 0, 0],
						"1.0": [42.5, 0, 0]
					}
				},
				"RightArm": {
					"rotation": {
						"0.0": [0, 0, 0],
						"1.0": [-65, 0, 0],
						"1.25": [-65, 0, 0],
						"1.5": [0, 0, 77.5],
						"2.25": [0, 0, 77.5],
						"2.5": [0, 0, 0]
					},
					"position": {
						"1.25": [0, 0, 0],
						"1.4167": [8.09794, 6.77697, 4.43047],
						"1.5": [-0.9763, -0.21644, 0],
						"2.25": [-0.98, -0.22, 0]
					},
					"scale": 1
				},
				"RightLeg": {
					"rotation": {
						"0.0": [0, 0, 0],
						"1.0": [0, 0, 17.5]
					}
				},
				"LeftLeg": {
					"rotation": {
						"0.0": [0, 0, 0],
						"1.0": [0, 0, -12.5]
					}
				},
				"vh": {
					"position": {
						"0.0": [0, 0, 0],
						"1.5": [-12, 18, 0]
					}
				},
				"fh": {
					"position": {
						"0.0": [0, 0, 0],
						"1.5": [17, 19, 0]
					}
				}
			},
			"particle_effects": {
				"1.5": {
					"effect": "garap",
					"locator": "vh"
				},
				"1.5417": {
					"effect": "garap",
					"locator": "fh"
				}
			}
		},
		"animation.darkness.nunj": {
			"loop": "hold_on_last_frame",
			"animation_length": 2,
			"override_previous_animation": true,
			"bones": {
				"Body": {
					"rotation": {
						"0.0": [0, 0, 0],
						"0.5": [0, -60, 0]
					},
					"position": [0, 0, 0]
				},
				"LeftArm": {
					"rotation": {
						"0.0": [0, 0, 0],
						"0.5417": [-15.52577, 28.96322, 100.5833]
					},
					"position": {
						"0.0": [0, 0, 0],
						"0.5417": [-3.37357, -1.76052, -1.23273]
					}
				},
				"Head": {
					"rotation": {
						"0.0": [0, 0, 0],
						"0.5": [0, 65, 0]
					},
					"position": [0, 0, 0]
				},
				"RightArm": {
					"rotation": {
						"0.0": [0, 0, 0],
						"0.5": [-72.69733, 63.96867, 15.63769],
						"0.5417": [-75.24856, 59.16159, 12.73916]
					},
					"position": [0, 0, 0]
				},
				"RightLeg": {
					"rotation": {
						"0.0": [0, 0, 0],
						"0.5": [0, -27.5, 0]
					},
					"position": {
						"0.0": [0, 0, 0],
						"0.5": [0.9235, 0, -1.77402]
					}
				},
				"LeftLeg": {
					"rotation": {
						"0.0": [0, 0, 0],
						"0.5": [0, -52.5, 0]
					},
					"position": {
						"0.0": [0, 0, 0],
						"0.5": [1.82628, 0, 2.38006]
					}
				}
			}
		},
		"animation.darkness.dasmut": {
			"loop": "hold_on_last_frame",
			"animation_length": 1.5417,
			"override_previous_animation": true,
			"bones": {
				"Body": {
					"rotation": {
						"0.0": [0, 0, 0],
						"0.1667": [0, 67.5, 0],
						"0.2917": [0, 67.5, 0],
						"0.375": [0, 157.5, 0],
						"1.0": [0, -367.5, 0],
						"1.25": [0, -367.5, 0]
					},
					"position": {
						"0.0": [0, 0, 0],
						"1.25": [0, 0, 0]
					},
					"scale": 1
				},
				"LeftArm": {
					"rotation": {
						"0.0": [0, 0, 0],
						"0.25": [0, 0, -82.5],
						"1.25": [0, 0, -82.5],
						"1.5": [0, 0, -2.5]
					},
					"position": {
						"0.0": [0, 0, 0],
						"1.25": [0, 0, 0]
					}
				},
				"Head": {
					"rotation": {
						"0.0": [0, 0, 0],
						"1.25": [0, 0, 0]
					},
					"position": {
						"0.0": [0, 0, 0],
						"1.25": [0, 0, 0]
					},
					"scale": 1
				},
				"RightArm": {
					"rotation": {
						"0.0": [0, 0, 0],
						"0.25": [0, 0, 85],
						"1.25": [0, 0, 85],
						"1.5": [0, 0, 5]
					},
					"position": {
						"0.0": [0, 0, 0],
						"1.25": [0, 0, 0]
					}
				},
				"RightLeg": {
					"rotation": {
						"0.0": [0, 0, 0],
						"0.25": [0, 65, 0],
						"0.375": [0, 135, 0],
						"0.5": [0, 65, 0],
						"0.625": [0, -37.5, 0],
						"0.75": [0, -145, 0],
						"0.875": [0, -262.5, 0],
						"1.0": [0, -362.5, 0],
						"1.25": [0, -362.5, 0]
					},
					"position": {
						"0.0": [0, 0, 0],
						"0.25": [0.90631, 0, 0.42262],
						"0.375": [3.03132, 0, 2.54132],
						"0.5": [-1.50154, 0, 0.42691],
						"0.625": [1.54381, 0, -3.53677],
						"0.75": [4.98146, 0, 1.37491],
						"0.875": [1.01422, 0, 1.8921],
						"1.0": [-0.85724, 0, -1.19438],
						"1.25": [-0.86, 0, -1.19]
					}
				},
				"LeftLeg": {
					"rotation": {
						"0.0": [0, 0, 0],
						"0.25": [0, 27.5, 0],
						"0.375": [0, 45, 0],
						"0.5": [0, -32.5, 0],
						"0.625": [0, -130, 0],
						"0.75": [0, -242.5, 0],
						"0.875": [0, -357.5, 0],
						"1.0": [0, -465, 0],
						"1.25": [0, -465, 0]
					},
					"position": {
						"0.0": [0, 0, 0],
						"0.25": [-1.38525, 0, -2.66103],
						"0.375": [-4.05103, 0, -1.27475],
						"0.5": [-2.4381, 0, -3.80017],
						"0.625": [2.15627, 0, 0.05673],
						"0.75": [-3.16206, 0, 2.83049],
						"0.875": [-3.3781, 0, -2.16524],
						"1.0": [1.44963, 0, -0.8759],
						"1.25": [1.45, 0, -0.88]
					},
					"scale": 1
				}
			}
		}
	}
}