{
	"format_version": "1.8.0",
	"animations": {
		"animation.soul.fpp": {
			"loop": true,
			"bones": {
				"staff": {
					"rotation": [-44.52497, -26.97128, -146.65143],
					"position": [7.49793, -1.58084, 5.86937]
				}
			}
		},
		"animation.soul.tpp": {
			"loop": true
		},
		"animation.soul.idle": {
			"loop": true,
			"override_previous_animation": true,
			"bones": {
				"staff": {
					"rotation": [-22.5, 0, 0],
					"position": [0, -6.27751, 8.33546]
				},
				"LeftArm": {
					"rotation": [0, 0, -12.5]
				},
				"Head": {
					"rotation": [10, 0, 0]
				},
				"RightArm": {
					"rotation": [-82.14048, 17.34551, 2.35666]
				},
				"RightLeg": {
					"rotation": [0, 0, 7.5]
				},
				"LeftLeg": {
					"rotation": [0, 0, -7.5]
				}
			}
		},
		"animation.soul.sneak": {
			"loop": true,
			"override_previous_animation": true,
			"bones": {
				"staff": {
					"rotation": [-36.8394, -0.46377, 16.37319],
					"position": [-0.09035, -7.46914, 2.88173]
				},
				"LeftArm": {
					"rotation": [-72.56424, 30.58184, 17.91705]
				},
				"RightArm": {
					"rotation": [-87.37884, -17.48281, -0.78795]
				}
			}
		},
		"animation.soul.skill1": {
			"animation_length": 1.25,
			"override_previous_animation": true,
			"bones": {
				"staff": {
					"rotation": {
						"0.0": [-22.5, 0, 0],
						"0.4167": [-22.5, 0, 0]
					},
					"position": {
						"0.0": [0, -6.27751, 8.33546],
						"0.4167": [0, -6.28, 8.34]
					}
				},
				"LeftArm": {
					"rotation": {
						"0.0": [0, 0, -12.5],
						"0.25": [0, 0, -35],
						"0.2917": [-107.77484, 67.20057, -26.27506],
						"1.0": [-108.63798, -68.27482, 7.58582]
					}
				},
				"Head": {
					"rotation": {
						"0.0": [10, 0, 0],
						"0.25": [-12.5, 0, 0],
						"0.4167": [-12.5, 0, 0],
						"0.5": [-2.5, 0, 0]
					}
				},
				"RightArm": {
					"rotation": {
						"0.0": [-82.14048, 17.34551, 2.35666],
						"0.25": [-142.14048, 17.34551, 2.35666],
						"0.4167": [-142.14, 17.35, 2.36],
						"0.5": [-80.10608, 2.58097, -0.31045]
					},
					"position": [0, 0, 0]
				},
				"Body": {
					"rotation": {
						"0.0": [0, 0, 0],
						"0.25": [-10, 0, 0],
						"0.4167": [-10, 0, 0],
						"0.5": [20, 0, 0]
					},
					"position": {
						"0.0": [0, 0, 0],
						"0.25": [0, -0.3473, 1.96962],
						"0.4167": [0, -0.35, 1.97],
						"0.5": [0, -1.46243, -4.01018]
					}
				}
			}
		},
		"animation.soul.sneak_walk": {
			"loop": true,
			"override_previous_animation": true,
			"bones": {
				"staff": {
					"rotation": [-36.8394, -0.46377, 16.37319],
					"position": [-0.09035, -7.46914, 2.88173]
				},
				"LeftArm": {
					"rotation": [-72.56424, 30.58184, 17.91705]
				},
				"RightArm": {
					"rotation": [-87.37884, -17.48281, -0.78795]
				}
			}
		},
		"animation.soul.summon1": {
			"animation_length": 3,
			"override_previous_animation": true,
			"bones": {
				"RightLeg": {
					"rotation": {
						"0.0": [0, 0, 7.5],
						"3.0": [0, 0, 7.5]
					}
				},
				"LeftLeg": {
					"rotation": {
						"0.0": [0, 0, -7.5],
						"3.0": [0, 0, -7.5]
					}
				},
				"Body": {
					"rotation": {
						"0.0": [0, 0, 0],
						"0.5": [-7.5, 0, 0],
						"2.75": [-7.5, 0, 0],
						"3.0": [0, 0, 0]
					},
					"position": {
						"0.0": [0, 0, 0],
						"0.5": [0, 0, 1],
						"2.75": [0, 0, 1],
						"3.0": [0, 0, 0]
					}
				},
				"LeftArm": {
					"rotation": {
						"0.0": [0, 0, -12.5],
						"0.5": [0, 0, -2.5],
						"2.75": [0, 0, -2.5],
						"3.0": [0, 0, -12.5]
					},
					"position": [0, 0, 0]
				},
				"Head": {
					"rotation": {
						"0.0": [10, 0, 0],
						"3.0": [10, 0, 0]
					}
				},
				"RightArm": {
					"rotation": {
						"0.0": [-82.14048, 17.34551, 2.35666],
						"0.5": [-125, 0, 0],
						"2.75": [-125, 0, 0],
						"3.0": [-82.14048, 17.34551, 2.35666]
					},
					"position": [0, 0, 0]
				},
				"staff": {
					"rotation": {
						"0.0": [-22.5, 0, 0],
						"0.5": [40, 0, 0],
						"2.75": [40, 0, 0],
						"3.0": [-22.5, 0, 0]
					},
					"position": {
						"0.0": [0, -6.27751, 8.33546],
						"0.2917": [-0.2167, 2.78621, 5.81981],
						"0.5": [0, 9.02942, 3.93314],
						"2.75": [0, 9.02942, 3.93314],
						"3.0": [0, -6.27751, 8.33546]
					}
				},
				"siji": {
					"rotation": [0, 0, 0],
					"position": {
						"0.0": [0, 0, 0],
						"0.375": [-6, 45, -4],
						"2.75": [-6, 45, -4],
						"3.0": [0, 0, 0]
					}
				}
			},
			"sound_effects": {
				"0.0": {
					"effect": "summon1",
					"locator": "siji"
				}
			},
			"particle_effects": {
				"0.375": {
					"effect": "soullight",
					"locator": "siji"
				}
			}
		},
		"animation.soul.summon2": {
			"animation_length": 4.5,
			"override_previous_animation": true,
			"bones": {
				"RightLeg": {
					"rotation": {
						"0.0": [0, 0, 7.5],
						"4.0": [0, 0, 7.5],
						"4.5": [0, 0, 7.5]
					},
					"position": [0, 0, 0]
				},
				"LeftLeg": {
					"rotation": {
						"0.0": [0, 0, -7.5],
						"4.0": [0, 0, -7.5]
					},
					"position": [0, 0, 0]
				},
				"Body": {
					"rotation": {
						"0.0": [0, 0, 0],
						"0.5": [-7.5, 0, 0],
						"2.75": [-7.5, 0, 0],
						"2.9167": [17.5, 0, 0],
						"4.0": [17.5, 0, 0],
						"4.5": [0, 0, 0]
					},
					"position": {
						"0.0": [0, 0, 0],
						"0.5": [0, 0, 1],
						"2.75": [0, 0, 1],
						"2.9167": [0, 0, -3],
						"4.0": [0, 0, -3],
						"4.5": [0, 0, 0]
					}
				},
				"LeftArm": {
					"rotation": {
						"0.0": [0, 0, -12.5],
						"0.5": [0, 0, -2.5],
						"2.75": [0, 0, -2.5],
						"2.9167": [-29.19995, -26.94622, -16.21217],
						"4.0": [-29.2, -26.95, -16.21]
					},
					"position": {
						"0.0": [0, 0, 0],
						"4.0": [0, 0, 0]
					}
				},
				"Head": {
					"rotation": {
						"0.0": [10, 0, 0],
						"2.9167": [-10, 0, 0],
						"4.0": [-10, 0, 0],
						"4.5": [10, 0, 0]
					},
					"position": [0, 0, 0]
				},
				"RightArm": {
					"rotation": {
						"0.0": [-82.14048, 17.34551, 2.35666],
						"0.5": [-125, 0, 0],
						"2.75": [-125, 0, 0],
						"2.9167": [-87.00992, -11.53486, -4.8493],
						"4.0": [-87.01, -11.53, -4.85],
						"4.5": [-82.14048, 17.34551, 2.35666]
					},
					"position": {
						"0.0": [0, 0, 0],
						"4.0": [0, 0, 0],
						"4.5": [0, 0, 0]
					}
				},
				"staff": {
					"rotation": {
						"0.0": [-22.5, 0, 0],
						"0.5": [40, 0, 0],
						"2.75": [40, 0, 0],
						"2.9167": [62.5, 0, 0],
						"4.0": [62.5, 0, 0],
						"4.5": [-22.5, 0, 0]
					},
					"position": {
						"0.0": [0, -6.27751, 8.33546],
						"0.2917": [-0.2167, 2.78621, 5.81981],
						"0.5": [0, 9.02942, 3.93314],
						"2.75": [0, 9.02942, 3.93314],
						"2.9167": [0, 9.03, -2.07],
						"4.0": [0, 9.03, -2.07],
						"4.5": [0, -6.27751, 8.33546]
					}
				},
				"siji": {
					"rotation": [0, 0, 0],
					"position": {
						"0.0": [0, 0, 0],
						"0.375": [-6, 45, -4],
						"2.75": [-6, 45, -4],
						"2.7917": [-5, 40.5, -13.33],
						"2.8333": [-4, 37.4, -21.66],
						"2.875": [-3, 30.05, -28.25],
						"2.9167": [-2, 23.03, -31.83],
						"2.9583": [-1, 22.51, -28.91],
						"3.0": [-1, 22.51, -28.91]
					}
				}
			},
			"sound_effects": {
				"0.0": {
					"effect": "ultisoul1",
					"locator": "siji"
				},
				"0.0417": {
					"effect": "puri",
					"locator": "siji"
				},
				"0.0833": {
					"effect": "summon1",
					"locator": "siji"
				},
				"0.4167": {
					"effect": "iownyou",
					"locator": "siji"
				}
			},
			"particle_effects": {
				"0.375": {
					"effect": "soullight",
					"locator": "siji"
				},
				"0.4167": {
					"effect": "soulserap",
					"locator": "siji"
				},
				"2.4167": {
					"effect": "soullight",
					"locator": "siji"
				},
				"2.9167": {
					"effect": "ledakcsoula",
					"locator": "siji"
				},
				"2.9583": {
					"effect": "soullight1",
					"locator": "siji"
				}
			}
		}
	}
}