{
	"format_version": "1.8.0",
	"animations": {
		"animation.wingey.terb": {
			"loop": true,
			"animation_length": 1,
			"bones": {
				"kiri": {
					"rotation": {
						"0.0": [52.34365, 31.42176, 34.04258],
						"0.5": [47.90715, -25.13929, -25.21633],
						"1.0": [52.34365, 31.42176, 34.04258]
					}
				},
				"kiris": {
					"rotation": {
						"0.0": [0, 0, 0],
						"0.5": [0, -45, 0],
						"1.0": [0, 0, 0]
					}
				},
				"kan": {
					"rotation": {
						"0.0": [52.34365, -31.42176, -34.04258],
						"0.5": [49.11421, 26.66839, 27.40216],
						"1.0": [52.34365, -31.42176, -34.04258]
					}
				},
				"kanas": {
					"rotation": {
						"0.0": [0, 0, 0],
						"0.5": [0, 45, 0],
						"1.0": [0, 0, 0]
					}
				}
			}
		}
	}
}