{
	"format_version": "1.8.0",
	"animations": {
		"animation.darkness.kuc": {
			"loop": "hold_on_last_frame",
			"animation_length": 5,
			"bones": {
				"ev": {
					"rotation": [0, 0, 0],
					"position": {
						"0.9167": [0, 0, 0],
						"1.0": [0, 56, -23]
					}
				},
				"vh": {
					"position": {
						"0.0": [0, 0, 0],
						"1.0833": [6, 0, -7]
					}
				},
				"fh": {
					"position": {
						"0.0": [0, 0, 0],
						"1.125": [-6, 0, -6]
					}
				},
				"Body": {
					"rotation": {
						"0.9583": [0, 0, 0],
						"1.0833": [47.5, 0, 0]
					},
					"position": {
						"0.9583": [0, 0, 0],
						"1.0833": [0, -10.93579, -7.30812]
					}
				},
				"LeftArm": {
					"rotation": {
						"0.0": [0, 0, 0],
						"0.25": [-39.56292, 63.66309, 47.32791],
						"0.375": [-39.56, 63.66, 47.33],
						"0.4167": [-9.56, 63.66, 47.33],
						"0.9583": [-9.56, 63.66, 47.33],
						"1.0833": [-64.05298, 0.26918, -31.89552]
					},
					"position": {
						"0.0": [0, 0, 0],
						"0.25": [-0.35231, -0.75523, -2.07497],
						"0.9583": [-0.35, -0.76, -2.07]
					}
				},
				"Head": {
					"rotation": {
						"0.9583": [0, 0, 0],
						"1.0833": [-40, 0, 0]
					},
					"position": [0, 0, 0]
				},
				"RightArm": {
					"rotation": {
						"0.0": [0, 0, 0],
						"0.25": [-48.10617, -55.03389, -36.32065],
						"0.375": [-48.11, -55.03, -36.32],
						"0.4167": [-15.61, -55.03, -36.32],
						"1.0833": [-55.65521, -11.91956, 26.82017]
					},
					"position": {
						"0.0": [0, 0, 0],
						"0.25": [-0.03649, -0.85559, -2.06558]
					}
				},
				"LeftLeg": {
					"rotation": {
						"0.9583": [0, 0, 0],
						"1.0833": [-43.83799, -36.01651, -11.23272]
					},
					"position": {
						"0.9583": [0, 0, 0],
						"1.0833": [0.04442, -3.08684, 1.84823]
					}
				},
				"RightLeg": {
					"rotation": {
						"0.9583": [0, 0, 0],
						"1.0833": [32.5, 0, 60]
					},
					"position": {
						"0.9583": [0, 0, 0],
						"1.0833": [-0.76795, -5.33013, 0]
					}
				}
			},
			"particle_effects": {
				"0.9583": {
					"effect": "akuma",
					"locator": "ev"
				},
				"1.0833": {
					"effect": "segel",
					"locator": "vh"
				},
				"1.125": {
					"effect": "atasegel",
					"locator": "fh"
				}
			}
		}
	}
}